Field,Well,Estatus,Pera/Macropera,Bateria,Lat,Long,Macropera,(DD/MM/AAAA),PT,Tipo
Ogarrio,Ogarrio-1227,CERRADO CON OPORTUNIDADES,Ogarrio-1526,Ogarrio 5,#N/A,#N/A,Ogarrio-1227,08/03/1979,2785,D
Ogarrio,Ogarrio-1257,CERRADO CON OPORTUNIDADES,Ogarrio-1273,Ogarrio 2,18.03705556,-93.96180556,Ogarrio-1273,10/11/2011,2529,D
Ogarrio,Ogarrio-1267,CERRADO CON OPORTUNIDADES,N.A.,Ogarrio 5,18.02372222,-93.95325,Ogarrio-1267,10/09/1976,3095,D
Ogarrio,Ogarrio-1432,CERRADO CON OPORTUNIDADES,Ogarrio-813,Ogarrio 5,17.99863889,-93.93372222,Ogarrio-813,05/08/2004,2735,D
Ogarrio,Ogarrio-1452,CERRADO CON OPORTUNIDADES,Ogarrio-813,Ogarrio 5,17.99880556,-93.93394444,Ogarrio-813,18/09/2004,2803.3,D
Ogarrio,Ogarrio-1453,CERRADO CON OPORTUNIDADES,Ogarrio-824,Ogarrio 5,17.99491667,-93.92761111,Ogarrio-824,26/10/2007,2852,D
Ogarrio,Ogarrio-1517,PRODUCTOR ,Ogarrio-707,Ogarrio 5,17.97702778,-93.91333333,Ogarrio-707,01/12/2013,3535,D
Ogarrio,Ogarrio-803,CERRADO CON OPORTUNIDADES,Ogarrio-803,Ogarrio 5,18.00405556,-93.93713889,Ogarrio-803,22/06/1972,3371,V
Ogarrio,Ogarrio-805,CERRADO CON OPORTUNIDADES,Ogarrio-1483,Ogarrio 5,17.99852778,-93.94047222,Ogarrio-805,03/04/1973,3377,V
Ogarrio,Ogarrio-911,PRODUCTOR ,Ogarrio-829,Ogarrio 5,17.99122222,-93.92722222,Ogarrio-829,27/03/2013,2732,D
Ogarrio,Ogarrio-975,CERRADO CON OPORTUNIDADES,N.A.,Ogarrio 5,17.98411111,-93.92741667,Ogarrio-975,11/10/1974,3280,D
Ogarrio,Ogarrio-993,CERRADO CON OPORTUNIDADES,N.A.,Ogarrio 5,17.98588889,-93.93058333,Ogarrio-993,31/10/1974,3297,D
Ogarrio,Ogarrio-1476,PRODUCTOR ,Ogarrio-803,Ogarrio 5,18.00388889,-93.93725,Ogarrio-803,17/07/2008,2774,D
Ogarrio,Ogarrio-1602,PRODUCTOR ,Ogarrio-811,Ogarrio 5,18.00711111,-93.93747222,Ogarrio-811,31/05/2014,2335,D
Ogarrio,Ogarrio-45,CERRADO CON OPORTUNIDADES,Ogarrio-45,Ogarrio 2,18.02705556,-93.92061111,Ogarrio-45,07/09/1960,2075,V
Ogarrio,Ogarrio-1205,PRODUCTOR ,Ogarrio-1490,Ogarrio 5,18.02211111,-93.95688889,Ogarrio-1205,07/07/2005,3043,D
Ogarrio,Ogarrio-1207,PRODUCTOR ,Ogarrio-1273,Ogarrio 2,18.03702778,-93.96141667,Ogarrio-1273,08/08/2012,2527,D
Ogarrio,Ogarrio-1215,PRODUCTOR ,Ogarrio-1235,Ogarrio 2,18.13272222,-93.95747222,Ogarrio-1235,22/02/2007,2605,D
Ogarrio,Ogarrio-1217,CERRADO CON OPORTUNIDADES,Ogarrio-1235,Ogarrio 2,18.03269444,-93.95777778,Ogarrio-1235,09/08/2005,2634,D
Ogarrio,Ogarrio-1233,CERRADO CON OPORTUNIDADES,Ogarrio-1235,Ogarrio 2,#N/A,#N/A,Ogarrio-1233,19/04/2007,2547,D
Ogarrio,Ogarrio-1235,PRODUCTOR ,Ogarrio-1235,Ogarrio 2,18.03275,-93.95791667,Ogarrio-1235,13/07/2005,2633,D
Ogarrio,Ogarrio-1237,CERRADO CON PROGRAMA DE REPARACION,Ogarrio-1235,Ogarrio 2,18.03283333,-93.95736111,Ogarrio-1235,24/06/2007,2685,D
Ogarrio,Ogarrio-1239,CERRADO CON OPORTUNIDADES,Ogarrio-1235,Ogarrio 2,18.03266667,-93.95777778,Ogarrio-1235,11/05/2008,2611,D
Ogarrio,Ogarrio-1253,PRODUCTOR ,Ogarrio-1235,Ogarrio 2,18.03272222,-93.95733333,Ogarrio-1235,15/09/2006,2627,D
Ogarrio,Ogarrio-1255,CERRADO CON OPORTUNIDADES,Ogarrio-1273,Ogarrio 2,18.037,-93.96138889,Ogarrio-1273,10/11/2011,2637,D
Ogarrio,Ogarrio-1269,PRODUCTOR ,Ogarrio-1269,Ogarrio 5,18.0185,-93.95036111,Ogarrio-1269,21/05/1977,2900,D
Ogarrio,Ogarrio-1273,CERRADO CON OPORTUNIDADES,Ogarrio-1273,Ogarrio 2,18.03711111,-93.96197222,Ogarrio-1273,25/04/2011,2548,D
Ogarrio,Ogarrio-1275,CERRADO CON PROGRAMA DE REPARACION,Ogarrio-1273,Ogarrio 2,18.03686111,-93.96136111,Ogarrio-1273,04/05/2012,2595,D
Ogarrio,Ogarrio-1279,PRODUCTOR ,Ogarrio-1273,Ogarrio 2,18.037,-93.96138889,Ogarrio-1273,10/03/2013,2505,D
Ogarrio,Ogarrio-1283,PRODUCTOR ,Ogarrio-1235,Ogarrio 2,18.03272222,-93.95805556,Ogarrio-1235,17/06/2013,2696,D
Ogarrio,Ogarrio-1293,CERRADO CON PROGRAMA DE REPARACION,Ogarrio-701,Ogarrio 2,18.04152778,-93.95594444,Ogarrio-1293,21/11/2007,2541,D
Ogarrio,Ogarrio-1295,CERRADO CON OPORTUNIDADES,Ogarrio-1273,Ogarrio 2,18.03688889,-93.9615,Ogarrio-1273,05/12/2011,2702.3,D
Ogarrio,Ogarrio-1303,CERRADO CON PROGRAMA DE REPARACION,Ogarrio-1304,Ogarrio 5,18.02066667,-93.95377778,Ogarrio-1303,02/04/2008,3035,D
Ogarrio,Ogarrio-1304,PRODUCTOR ,Ogarrio-1304,Ogarrio 5,18.02052778,-93.95361111,Ogarrio-1303,01/03/2006,3135,D
Ogarrio,Ogarrio-1305,PRODUCTOR ,Ogarrio-1305,Ogarrio 5,18.00944444,-93.93416667,Ogarrio-1305,05/04/2009,2980,D
Ogarrio,Ogarrio-1307,PRODUCTOR ,Ogarrio-488,Ogarrio 5,18.0165,-93.98022222,Ogarrio-488,04/02/2009,3028,D
Ogarrio,Ogarrio-1309,PRODUCTOR ,Ogarrio-488,Ogarrio 2,18.01661111,-93.94686111,Ogarrio-488,16/01/2008,3040,D
Ogarrio,Ogarrio-1311,CERRADO CON OPORTUNIDADES,Ogarrio-1304,Ogarrio 5,18.02038889,-93.95338889,Ogarrio-1303,22/12/2007,3210,D
Ogarrio,Ogarrio-1315,PRODUCTOR ,Ogarrio-468,Ogarrio 2,18.02047222,-93.94680556,Ogarrio-468,18/06/2013,2856,D
Ogarrio,Ogarrio-1319,PRODUCTOR ,Ogarrio-468,Ogarrio 2,18.02038889,-93.94688889,Ogarrio-468,31/01/2009,2954,D
Ogarrio,Ogarrio-1325,CERRADO CON PROGRAMA DE REPARACION,Ogarrio-815,Ogarrio 5,18.0055,-93.93422222,Ogarrio-815,02/05/2010,2952,D
Ogarrio,Ogarrio-1325D,PRODUCTOR ,Ogarrio-815,Ogarrio 5,18.0055,-93.93422222,Ogarrio-815,11/07/2012,2574,D
Ogarrio,Ogarrio-1329,CERRADO CON OPORTUNIDADES,Ogarrio-811,Ogarrio 5,18.0075,-93.93725,Ogarrio-811,03/04/2010,2983,D
Ogarrio,Ogarrio-1333,PRODUCTOR ,Ogarrio-488,Ogarrio 5,18.0165,-93.94672222,Ogarrio-488,11/10/2013,3038,D
Ogarrio,Ogarrio-1401,PRODUCTOR ,Ogarrio-827,Ogarrio 5,17.99366667,-93.93055556,Ogarrio-827,18/06/2004,2672,D
Ogarrio,Ogarrio-1403,PRODUCTOR ,Ogarrio-829,Ogarrio 5,17.99125,-93.92741667,Ogarrio-829,15/07/2008,2738,D
Ogarrio,Ogarrio-1405,CERRADO CON OPORTUNIDADES,Ogarrio-832,Ogarrio 5,17.98947222,-93.93066667,Ogarrio-832,02/01/2008,2700,D
Ogarrio,Ogarrio-1407,PRODUCTOR ,Ogarrio-824,Ogarrio 5,17.99488889,-93.92788889,Ogarrio-824,19/07/2008,2900,D
Ogarrio,Ogarrio-1407D,CERRADO CON PROGRAMA DE REPARACION,Ogarrio-824,Ogarrio 5,17.99477778,-93.92758333,Ogarrio-824,13/09/2013,2908,D
Ogarrio,Ogarrio-1409,PRODUCTOR ,Ogarrio-816,Ogarrio 5,18.00019444,-93.93105556,Ogarrio-816,26/02/2011,2583,D
Ogarrio,Ogarrio-1411,PRODUCTOR ,Ogarrio-827,Ogarrio 5,17.99330556,-93.93094444,Ogarrio-827,05/02/2004,2763,D
Ogarrio,Ogarrio-1411D,PRODUCTOR ,Ogarrio-827,Ogarrio 5,17.99366667,-93.93055556,Ogarrio-827,22/07/2012,2697,D
Ogarrio,Ogarrio-1413,PRODUCTOR ,Ogarrio-827,Ogarrio 5,17.99375,-93.9305,Ogarrio-827,12/03/2004,2734,D
Ogarrio,Ogarrio-1415,CERRADO CON PROGRAMA DE REPARACION,Ogarrio-813,Ogarrio 5,17.99855556,-93.93563889,Ogarrio-813,06/07/2005,2860,D
Ogarrio,Ogarrio-1417,PRODUCTOR ,Ogarrio-812,Ogarrio 5,18.00197222,-93.93405556,Ogarrio-812,06/02/2011,2815,D
Ogarrio,Ogarrio-1419,CERRADO CON OPORTUNIDADES,Ogarrio-827,Ogarrio 5,17.99341667,-93.93102778,Ogarrio-827,21/05/2006,3002.02,D
Ogarrio,Ogarrio-1421,CERRADO CON OPORTUNIDADES,Ogarrio-827,Ogarrio 5,17.91013889,-93.93055556,Ogarrio-827,13/05/2005,2731,D
Ogarrio,Ogarrio-1423,CERRADO CON OPORTUNIDADES,N.A.,Ogarrio 5,#N/A,#N/A,Ogarrio-827,07/08/2004,2907,D
Ogarrio,Ogarrio-1423D,PRODUCTOR ,Ogarrio-827,Ogarrio 5,17.99408333,-93.93105556,Ogarrio-827,28/08/2012,2905,D
Ogarrio,Ogarrio-1425,PRODUCTOR ,Ogarrio-815,Ogarrio 5,#N/A,#N/A,Ogarrio-815,03/06/2010,2393,D
Ogarrio,Ogarrio-1425D,PRODUCTOR ,Ogarrio-815,Ogarrio 5,18.00563889,-93.93419444,Ogarrio-815,12/06/2012,2263,D
Ogarrio,Ogarrio-1427,CERRADO CON OPORTUNIDADES,Ogarrio-1269,Ogarrio 5,18.01863889,-93.95011111,Ogarrio-1269,08/07/2010,2905,D
Ogarrio,Ogarrio-1429,PRODUCTOR ,Ogarrio-812,Ogarrio 5,18.00205556,-93.934,Ogarrio-812,06/01/2011,2730,D
Ogarrio,Ogarrio-1429D,PRODUCTOR ,Ogarrio-812,Ogarrio 5,18.00188889,-93.93394444,Ogarrio-812,15/12/2013,2658,D
Ogarrio,Ogarrio-1431,PRODUCTOR ,Ogarrio-813,Ogarrio 5,17.99858333,-93.93361111,Ogarrio-813,29/01/2005,2815,D
Ogarrio,Ogarrio-1433,PRODUCTOR ,Ogarrio-827,Ogarrio 5,17.99377778,-93.93077778,Ogarrio-827,07/12/2010,2969,D
Ogarrio,Ogarrio-1435,PRODUCTOR ,Ogarrio-813,Ogarrio 5,17.9985,-93.93405556,Ogarrio-813,30/04/2011,2783,D
Ogarrio,Ogarrio-1443,PRODUCTOR ,Ogarrio-827,Ogarrio 5,17.99372222,-93.93072222,Ogarrio-827,25/03/2005,2985,D
Ogarrio,Ogarrio-1451,PRODUCTOR ,Ogarrio-813,Ogarrio 5,17.99863889,-93.93383333,Ogarrio-813,17/04/2005,2667,D
Ogarrio,Ogarrio-1452D,PRODUCTOR ,Ogarrio-813,Ogarrio 5,17.99836111,-93.93419444,Ogarrio-813,21/07/2012,2807,D
Ogarrio,Ogarrio-1471,CERRADO CON PROGRAMA DE REPARACION,Ogarrio-818,Ogarrio 5,17.99494444,-93.93411111,Ogarrio-818,02/07/2011,2898,D
Ogarrio,Ogarrio-1472,CERRADO CON OPORTUNIDADES,Ogarrio-803,Ogarrio 5,18.00402778,-93.93672222,Ogarrio-803,25/05/2005,2787,D
Ogarrio,Ogarrio-1473,PRODUCTOR ,Ogarrio-829,Ogarrio 5,17.99116667,-93.92733333,Ogarrio-829,12/08/2008,2809,D
Ogarrio,Ogarrio-1476D,CERRADO CON OPORTUNIDADES,Ogarrio-803,Ogarrio 5,18.00377778,-93.93697222,Ogarrio-803,17/10/2013,2695,D
Ogarrio,Ogarrio-1480,PRODUCTOR ,Ogarrio-816,Ogarrio 5,18.00033333,-93.93083333,Ogarrio-816,12/12/2008,2700,D
Ogarrio,Ogarrio-1480D,PRODUCTOR ,Ogarrio-816,Ogarrio 5,18.00005556,-93.93219444,Ogarrio-816,17/06/2012,2432,D
Ogarrio,Ogarrio-1482,PRODUCTOR ,Ogarrio-816,Ogarrio 5,18.00025,-93.93088889,Ogarrio-816,18/01/2009,2676,D
Ogarrio,Ogarrio-1483,CERRADO CON OPORTUNIDADES,Ogarrio-1483,Ogarrio 5,17.9985,-93.94058333,Ogarrio-805,07/08/2012,3076,D
Ogarrio,Ogarrio-1483D,PRODUCTOR ,Ogarrio-1483,Ogarrio 5,17.99863889,-93.9405,Ogarrio-805,09/11/2013,2770,D
Ogarrio,Ogarrio-1484,PRODUCTOR ,Ogarrio-1484,Ogarrio 5,18.00952778,-93.94711111,Ogarrio-1484,31/03/2011,3157,D
Ogarrio,Ogarrio-1485,PRODUCTOR ,Ogarrio-1485,Ogarrio 5,17.99155556,-93.93402778,Ogarrio-831,15/09/2012,2926,D
Ogarrio,Ogarrio-1486,PRODUCTOR ,Ogarrio-1485,Ogarrio 5,17.99166667,-93.93408333,Ogarrio-831,26/10/2012,2993,D
Ogarrio,Ogarrio-1487,CERRADO CON OPORTUNIDADES,Ogarrio-1487,Ogarrio 5,18.00391667,-93.93077778,Ogarrio-822,27/06/2012,2581,D
Ogarrio,Ogarrio-1488,PRODUCTOR ,Ogarrio-803,Ogarrio 5,18.00377778,-93.93697222,Ogarrio-803,29/05/2012,2950,D
Ogarrio,Ogarrio-1489,PRODUCTOR ,Ogarrio-811,Ogarrio 5,18.00741667,-93.93738889,Ogarrio-811,23/10/2012,2697,D
Ogarrio,Ogarrio-1490,PRODUCTOR ,Ogarrio-1490,Ogarrio 5,18.02211111,-93.95688889,Ogarrio-1205,03/10/2012,2985,D
Ogarrio,Ogarrio-1491,CERRADO CON OPORTUNIDADES,Ogarrio-1491,Ogarrio 5,18.00402778,-93.94366667,Ogarrio-1491,24/04/2012,2915,D
Ogarrio,Ogarrio-1492,CERRADO CON OPORTUNIDADES,Ogarrio-898,Ogarrio 5,18.01152778,-93.94683333,Ogarrio-1492,25/11/2012,3000,D
Ogarrio,Ogarrio-1500,PRODUCTOR ,Ogarrio-811,Ogarrio 5,18.00738889,-93.93730556,Ogarrio-811,06/01/2013,3000,D
Ogarrio,Ogarrio-1504,CERRADO CON PROGRAMA DE REPARACION,Ogarrio-656,Fuera del Campo Ogarrio (No llega a ninguna Batería),18.06425,-93.95305556,Ogarrio-1504,19/07/2013,2038,D
Ogarrio,Ogarrio-1510,PRODUCTOR ,Ogarrio-1510,Ogarrio 5,17.99866667,-93.92763889,Ogarrio-1510,25/07/2012,2621,D
Ogarrio,Ogarrio-1511,PRODUCTOR ,Ogarrio-829,Ogarrio 5,17.99102778,-93.92744444,Ogarrio-829,21/05/2012,2789,D
Ogarrio,Ogarrio-1512,PRODUCTOR ,Ogarrio-1512,Ogarrio 5,17.99336111,-93.93719444,Ogarrio-1512,29/12/2012,3000,D
Ogarrio,Ogarrio-1513,CERRADO CON OPORTUNIDADES,Ogarrio-813,Ogarrio 5,17.99827778,-93.93402778,Ogarrio-813,31/08/2012,2970,D
Ogarrio,Ogarrio-1514,PRODUCTOR ,Ogarrio-815,Ogarrio 5,18.00508333,-93.93419444,Ogarrio-815,11/08/2012,2548,D
Ogarrio,Ogarrio-1515,CERRADO CON OPORTUNIDADES,Ogarrio-1515,Ogarrio 5,17.98219444,-93.91644444,Ogarrio-1515,15/01/2013,3115,D
Ogarrio,Ogarrio-1516,PRODUCTOR ,Ogarrio-1521,Ogarrio 5,18.00202778,-93.92761111,Ogarrio-830,18/05/2013,2349,D
Ogarrio,Ogarrio-1518,CERRADO CON PROGRAMA DE REPARACION,Ogarrio-707,Ogarrio 5,17.97691667,-93.91325,Ogarrio-707,24/02/2013,3290,D
Ogarrio,Ogarrio-1519,PRODUCTOR ,Ogarrio-815,Ogarrio 5,18.00558333,-93.93391667,Ogarrio-815,20/09/2012,2258,D
Ogarrio,Ogarrio-1520,PRODUCTOR ,Ogarrio-811,Ogarrio 5,18.00730556,-93.93741667,Ogarrio-811,02/12/2012,3003,D
Ogarrio,Ogarrio-1521,PRODUCTOR ,Ogarrio-1521,Ogarrio 5,18.00241667,-93.92772222,Ogarrio-830,21/04/2013,2301,D
Ogarrio,Ogarrio-1526,CERRADO CON PROGRAMA DE REPARACION,Ogarrio-1526,Ogarrio 5,18.02388889,-93.95336111,Ogarrio-1526,06/06/2015,3168,D
Ogarrio,Ogarrio-1528,CERRADO CON PROGRAMA DE REPARACION,Ogarrio-1490,Ogarrio 5,18.02222222,-93.95686111,Ogarrio-1205,26/05/2014,3154,D
Ogarrio,Ogarrio-1529,CERRADO CON OPORTUNIDADES,Ogarrio-468,Ogarrio 2,18.03722222,-93.94680556,Ogarrio-468,22/07/2013,2916,D
Ogarrio,Ogarrio-1600,CERRADO CON OPORTUNIDADES,Ogarrio-1235,Ogarrio 2,18.03272222,-93.95805556,Ogarrio-1235,09/03/2014,2695,D
Ogarrio,Ogarrio-1601,CERRADO CON PROGRAMA DE REPARACION,Ogarrio-1235,Ogarrio 2,18.03272222,-93.95833333,Ogarrio-1235,07/07/2014,2972,D
Ogarrio,Ogarrio-1603,CERRADO CON OPORTUNIDADES,Ogarrio-816,Ogarrio 5,18.00019444,-93.93075,Ogarrio-816,11/10/2014,2224,D
Ogarrio,Ogarrio-1604,CERRADO,Ogarrio-1604,Ogarrio 2,18.01052778,-93.93491667,Ogarrio-1604,09/06/2014,2048,D
Ogarrio,Ogarrio-1605,CERRADO CON OPORTUNIDADES,Ogarrio-1605,Ogarrio 5,18.00797222,-93.94375,Ogarrio-808,08/10/2014,2639,D
Ogarrio,Ogarrio-272,CERRADO CON OPORTUNIDADES,Ogarrio-72,Ogarrio 2,18.03155556,-93.92175,Ogarrio-72,15/05/1958,2015,V
Ogarrio,Ogarrio-30,PRODUCTOR ,Ogarrio-30,Ogarrio 2,18.02625,-93.92227778,Ogarrio-30,31/07/1960,1915,V
Ogarrio,Ogarrio-31,PRODUCTOR ,N.A.,Ogarrio 2,18.02525,-93.93763889,Ogarrio-31,16/08/1960,1980,V
Ogarrio,Ogarrio-4,PRODUCTOR ,Ogarrio-4,Ogarrio 2,18.02594444,-93.91908333,Ogarrio-4,12/09/1957,2098,V
Ogarrio,Ogarrio-470,CERRADO,Ogarrio-70,Ogarrio 2,18.03375,-93.92488889,Ogarrio-70,25/10/1958,1764,V
Ogarrio,Ogarrio-53,CERRADO,N.A.,Ogarrio 2,18.03511111,-93.92961111,Ogarrio-53,23/10/1960,1850,V
Ogarrio,Ogarrio-54,CERRADO,Ogarrio-54,Ogarrio 2,18.03405556,-93.92961111,Ogarrio-54,06/11/1959,1895,V
Ogarrio,Ogarrio-554,PRODUCTOR ,Ogarrio-554,Ogarrio 2,18.03941667,-93.92755556,Ogarrio-554,01/10/1958,2351,V
Ogarrio,Ogarrio-56,CERRADO CON OPORTUNIDADES,Ogarrio-56,Ogarrio 2,18.03194444,-93.92508333,Ogarrio-56,09/07/1959,1961.4,V
Ogarrio,Ogarrio-57,PRODUCTOR ,Ogarrio-57,Ogarrio 2,18.03088889,-93.92352778,Ogarrio-57,16/03/1960,2100,V
Ogarrio,Ogarrio-59D,CERRADO,Ogarrio-59,Ogarrio 2,18.02877778,-93.92041667,Ogarrio-59,17/07/1960,1937,V
Ogarrio,Ogarrio-60,CERRADO,Ogarrio-60,Ogarrio 2,18.02769444,-93.91894444,Ogarrio-60,19/07/1960,2400,V
Ogarrio,Ogarrio-60D,CERRADO,Ogarrio-60,Ogarrio 2,18.02763889,-93.91888889,Ogarrio-60,22/08/1960,2125,V
Ogarrio,Ogarrio-61D,CERRADO,Ogarrio-61,Ogarrio 2,18.02669444,-93.91736111,Ogarrio-61 ,11/06/1960,2065,V
Ogarrio,Ogarrio-705,PRODUCTOR ,Ogarrio-705,Ogarrio 5,#N/A,#N/A,#N/A,27/08/1972,3812,V
Ogarrio,Ogarrio-707,PRODUCTOR ,Ogarrio-707,Ogarrio 5,17.977,-93.91330556,Ogarrio-707,11/04/1972,3519,V
Ogarrio,Ogarrio-718,CERRADO CON OPORTUNIDADES,Ogarrio-718,Ogarrio 5,17.97333333,-93.90688889,Ogarrio-704,09/08/2011,3602,V
Ogarrio,Ogarrio-72,CERRADO,Ogarrio-72,Ogarrio 2,18.03161111,-93.92186111,Ogarrio-72,03/11/1958,2306.4,V
Ogarrio,Ogarrio-723,PRODUCTOR ,Ogarrio-706,Ogarrio 5,17.97352778,-93.91302778,Ogarrio-706,13/03/2012,3600,V
Ogarrio,Ogarrio-724,PRODUCTOR ,Ogarrio-706,Ogarrio 5,17.97344444,-93.91311111,Ogarrio-706,25/07/2011,3466,V
Ogarrio,Ogarrio-801,CERRADO CON OPORTUNIDADES,Ogarrio-801,Ogarrio 5,18.00216667,-93.94016667,Ogarrio-801,15/10/1970,3784,V
Ogarrio,Ogarrio-802,CERRADO CON OPORTUNIDADES,Ogarrio-802,Ogarrio 5,18.00588889,-93.94055556,Ogarrio-802,14/04/1971,3564.9,V
Ogarrio,Ogarrio-802D,CERRADO CON PROGRAMA DE REPARACION,Ogarrio-802,Ogarrio 5,18.00583333,-93.94058333,Ogarrio-802,29/07/1971,3312,V
Ogarrio,Ogarrio-803D,PRODUCTOR ,Ogarrio-803,Ogarrio 5,18.00411111,-93.937,Ogarrio-803,12/04/1972,2560,V
Ogarrio,Ogarrio-804,CERRADO CON OPORTUNIDADES,Ogarrio-804,Ogarrio 5,18.0005,-93.93722222,Ogarrio-804,01/11/1971,3147,V
Ogarrio,Ogarrio-804D,CERRADO CON OPORTUNIDADES,Ogarrio-804,Ogarrio 5,18.0005,-93.93716667,Ogarrio-804,17/02/1972,3320,V
Ogarrio,Ogarrio-804T,CERRADO CON OPORTUNIDADES,Ogarrio-804,Ogarrio 5,#N/A,#N/A,Ogarrio-804,23/03/1972,2300,D
Ogarrio,Ogarrio-811,PRODUCTOR ,Ogarrio-811,Ogarrio 5,18.00766667,-93.93725,Ogarrio-811,04/08/1972,3243,V
Ogarrio,Ogarrio-812,CERRADO CON OPORTUNIDADES,Ogarrio-812,Ogarrio 5,18.00216667,-93.93391667,Ogarrio-812,28/06/1972,2995,V
Ogarrio,Ogarrio-812D,CERRADO CON OPORTUNIDADES,Ogarrio-812,Ogarrio 5,18.00222222,-93.93383333,Ogarrio-812,02/11/1973,2775,V
Ogarrio,Ogarrio-813,CERRADO CON PROGRAMA DE REPARACION,Ogarrio-813,Ogarrio 5,17.99861111,-93.93397222,Ogarrio-813,12/09/1972,3100,V
Ogarrio,Ogarrio-813D,CERRADO CON PROGRAMA DE REPARACION,Ogarrio-813,Ogarrio 5,17.99869444,-93.93397222,Ogarrio-813,29/03/1973,2525,V
Ogarrio,Ogarrio-815,CERRADO CON OPORTUNIDADES,Ogarrio-815,Ogarrio 5,18.00586111,-93.93394444,Ogarrio-815,16/09/1972,2511,V
Ogarrio,Ogarrio-815D,CERRADO CON OPORTUNIDADES,Ogarrio-815,Ogarrio 5,18.00588889,-93.93391667,Ogarrio-815,16/06/1974,2100,V
Ogarrio,Ogarrio-816,PRODUCTOR ,Ogarrio-816,Ogarrio 5,18.00044444,-93.93066667,Ogarrio-816,24/03/1973,2358,V
Ogarrio,Ogarrio-817,PRODUCTOR ,Ogarrio-817,Ogarrio 5,17.99675,-93.93066667,Ogarrio-817,09/10/1972,2675,V
Ogarrio,Ogarrio-817D,CERRADO CON OPORTUNIDADES,Ogarrio-817,Ogarrio 5,17.99683333,-93.93063889,Ogarrio-817,25/11/1972,2465,V
Ogarrio,Ogarrio-818,CERRADO CON OPORTUNIDADES,Ogarrio-818,Ogarrio 5,17.99502778,-93.93397222,Ogarrio-818,14/05/1973,3240.25,V
Ogarrio,Ogarrio-818D,CERRADO CON OPORTUNIDADES,Ogarrio-818,Ogarrio 5,17.99497222,-93.934,Ogarrio-818,29/10/1974,2885,V
Ogarrio,Ogarrio-824,CERRADO CON OPORTUNIDADES,Ogarrio-824,Ogarrio 5,17.99502778,-93.92744444,Ogarrio-824,05/10/1973,2452,V
Ogarrio,Ogarrio-827,CERRADO CON OPORTUNIDADES,Ogarrio-827,Ogarrio 5,17.99325,-93.93072222,Ogarrio-827,14/06/1973,2885,V
Ogarrio,Ogarrio-829,PRODUCTOR ,Ogarrio-829,Ogarrio 5,17.99141667,-93.92747222,Ogarrio-829,14/06/1973,2781,V
Ogarrio,Ogarrio-832D,CERRADO CON PROGRAMA DE REPARACION,Ogarrio-832,Ogarrio 5,17.98952778,-17.98952778,Ogarrio-832,07/08/1974,2550,V
Ogarrio,Ogarrio-850,INYECTOR,Ogarrio-850,Ogarrio 5,17.98822222,-93.92794444,Ogarrio-850,13/05/1973,2967,V
Ogarrio,Ogarrio-850D,PRODUCTOR ,Ogarrio-850,Ogarrio 5,17.98825,-93.92788889,Ogarrio-850,06/08/1974,2620,V
Ogarrio,Ogarrio-85D,CERRADO CON PROGRAMA DE REPARACION,Ogarrio-85,Ogarrio 2,18.03352778,-93.92152778,Ogarrio-85,11/06/1960,2000,V
Ogarrio,Ogarrio-87,CERRADO CON PROGRAMA DE REPARACION,N.A.,Ogarrio 2,18.03133333,-93.91855556,Ogarrio-87,31/12/1960,2305,V
Ogarrio,Ogarrio-903,CERRADO CON OPORTUNIDADES,Ogarrio-809,Ogarrio 5,17.997,-93.93705556,Ogarrio-903,08/09/2010,2726,D
Ogarrio,Ogarrio-913,CERRADO CON OPORTUNIDADES,Ogarrio-913,Ogarrio 5,17.98244444,-93.92383333,Ogarrio-913,08/11/2011,3095,D
Ogarrio,Ogarrio-951,CERRADO CON OPORTUNIDADES,Ogarrio-832,Ogarrio 5,17.98980556,-93.93072222,Ogarrio-832,20/11/2010,2828,D
Ogarrio,Ogarrio-953,CERRADO CON OPORTUNIDADES,Ogarrio-824,Ogarrio 5,17.99472222,-93.9275,Ogarrio-824,19/10/2013,2716,D
Ogarrio,Ogarrio-95C,PRODUCTOR ,Ogarrio-95,Ogarrio 2,18.03747222,-93.92438889,Ogarrio-95 ,05/05/1959,1150,D
Ogarrio,Ogarrio-96D,PRODUCTOR ,Ogarrio-96,Ogarrio 2,18.03633333,-93.92283333,Ogarrio-96 ,01/03/1960,1140,V
Ogarrio,Ogarrio-997,CERRADO CON OPORTUNIDADES,N.A.,Ogarrio 5,17.98952778,-93.92413889,Ogarrio-997,07/07/1974,2923,D
Ogarrio,Ogarrio-977,CERRADO CON OPORTUNIDADES,N.A.,Ogarrio 5,17.98586111,-93.92405556,Ogarrio-997,11/12/1973,2812,D
Ogarrio,Ogarrio-95D,PRODUCTOR ,Ogarrio-95,Ogarrio 2,18.03736111,-93.92438889,Ogarrio-95 ,28/02/1959,1998.5,V
Ogarrio,Ogarrio-1501,CERRADO,Ogarrio-664,Fuera del Campo Ogarrio (No llega a ninguna Batería),18.06822222,-93.95258333,Ogarrio-1501,25/08/2013,2319,D
Ogarrio,Ogarrio-1502,CERRADO,Ogarrio-664,Fuera del Campo Ogarrio (No llega a ninguna Batería),18.06827778,-93.95247222,Ogarrio-1501,16/09/2013,2249,D
Ogarrio,Ogarrio-1503,CERRADO,Ogarrio-664,Fuera del Campo Ogarrio (No llega a ninguna Batería),18.06819444,-93.95269444,Ogarrio-1501,04/08/2013,2097,D
Ogarrio,Ogarrio-1527,CERRADO,Ogarrio-664,Fuera del Campo Ogarrio (No llega a ninguna Batería),18.06827778,-93.95247222,Ogarrio-1501,09/02/2014,2317,D
Ogarrio,Ogarrio-1301,CERRADO,Ogarrio-1490,Ogarrio 5,18.02205556,-93.95666667,Ogarrio-1205,19/04/2007,3225,D
Ogarrio,Ogarrio-203,CERRADO,N.A.,Ogarrio 2,18.028,-93.92211111,Ogarrio-203,19/10/1957,1800,V
Ogarrio,Ogarrio-204,CERRADO,Ogarrio-4,Ogarrio 2,18.02588889,-93.91908333,Ogarrio-4,24/10/1957,1940,V
Ogarrio,Ogarrio-240,CERRADO,Ogarrio-40,Ogarrio 2,18.03430556,-93.93130556,Ogarrio-40,19/10/1958,1717,V
Ogarrio,Ogarrio-242,CERRADO,Ogarrio-42,Ogarrio 2,18.03225,-93.93030556,Ogarrio-42,01/06/1958,1660,V
Ogarrio,Ogarrio-26,CERRADO,N.A.,Ogarrio 2,18.03044444,-93.92844444,Ogarrio-26,24/07/1960,1630,V
Ogarrio,Ogarrio-270,CERRADO,Ogarrio-70,Ogarrio 2,18.03377778,-93.92483333,Ogarrio-70,21/09/1958,1905,V
Ogarrio,Ogarrio-274,CERRADO,Ogarrio-74,Ogarrio 2,18.02963889,-93.91863889,Ogarrio-74,02/02/1958,2050,V
Ogarrio,Ogarrio-276,CERRADO,Ogarrio-76,Ogarrio 2,18.02736111,-93.91563889,Ogarrio-76,15/05/1958,2085,V
Ogarrio,Ogarrio-29D,CERRADO,Ogarrio-29,Ogarrio 2,18.02725,-93.92388889,Ogarrio-29,13/08/1960,1730,V
Ogarrio,Ogarrio-30D,CERRADO,Ogarrio-30,Ogarrio 2,18.02622222,-93.92225,Ogarrio-30,20/08/1960,1785,V
Ogarrio,Ogarrio-32,CERRADO,N.A.,Ogarrio 2,18.02413889,-93.91925,Ogarrio-32,15/09/1960,2075,V
Ogarrio,Ogarrio-40,CERRADO,Ogarrio-40,Ogarrio 2,18.03433333,-93.93136111,Ogarrio-40,07/09/1958,1827.8,V
Ogarrio,Ogarrio-41,CERRADO,N.A.,Ogarrio 2,18.03325,-93.92975,Ogarrio-41,05/05/1960,1800,V
Ogarrio,Ogarrio-42,CERRADO,Ogarrio-42,Ogarrio 2,18.03227778,-93.92836111,Ogarrio-42,22/03/1958,1785.4,V
Ogarrio,Ogarrio-44T,CERRADO,Ogarrio-44,Ogarrio 2,#N/A,#N/A,Ogarrio-44 ,08/05/1960,1600,D
Ogarrio,Ogarrio-52,CERRADO,N.A.,Ogarrio 2,18.03616667,-93.93119444,Ogarrio-52,26/01/1960,1871,V
Ogarrio,Ogarrio-54T,CERRADO,Ogarrio-54,Ogarrio 2,#N/A,#N/A,Ogarrio-54,27/12/1959,1605,D
Ogarrio,Ogarrio-55,CERRADO,Ogarrio-55,Ogarrio 2,18.033,-93.92655556,Ogarrio-55,26/02/1960,1940,V
Ogarrio,Ogarrio-552,CERRADO,Ogarrio-552,Ogarrio 2,18.03727778,-93.93261111,Ogarrio-552,14/06/1960,1929,V
Ogarrio,Ogarrio-552D,CERRADO,Ogarrio-552,Ogarrio 2,18.03725,-93.93269444,Ogarrio-552,01/07/1960,1890,V
Ogarrio,Ogarrio-553D,CERRADO,Ogarrio-553,Ogarrio 2,18.03975,-93.93077778,Ogarrio-553,14/02/1960,1906,V
Ogarrio,Ogarrio-555,CERRADO,Ogarrio-555,Ogarrio 2,18.04025,-93.92591667,Ogarrio-555,04/01/1961,2150,V
Ogarrio,Ogarrio-555D,CERRADO,Ogarrio-555,Ogarrio 2,18.04025,-93.92583333,Ogarrio-555,01/03/1961,1929,V
Ogarrio,Ogarrio-55D,CERRADO,Ogarrio-55,Ogarrio 2,18.03294444,-93.92652778,Ogarrio-55,26/03/1960,1780,V
Ogarrio,Ogarrio-563,CERRADO,N.A.,Ogarrio 2,18.03827778,-93.91758333,Ogarrio-563,09/08/1960,1971,V
Ogarrio,Ogarrio-564,CERRADO,Ogarrio-564,Ogarrio 2,18.039,-93.9325,Ogarrio-564,27/09/1960,2030,V
Ogarrio,Ogarrio-564D,CERRADO,Ogarrio-564,Ogarrio 2,18.03941667,-93.92755556,Ogarrio-564 ,19/10/1960,1920,V
Ogarrio,Ogarrio-564T,CERRADO,Ogarrio-564,Ogarrio 2,#N/A,#N/A,Ogarrio-564 ,11/11/1960,1800,D
Ogarrio,Ogarrio-565,CERRADO,Ogarrio-565,Ogarrio 2,18.03975,-93.93077778,Ogarrio-565,03/09/1960,2145,V
Ogarrio,Ogarrio-565D,CERRADO,Ogarrio-565,Ogarrio 2,18.03977778,-93.93075,Ogarrio-565,30/09/1960,1955,V
Ogarrio,Ogarrio-565T,CERRADO,Ogarrio-565,Ogarrio 2,#N/A,#N/A,Ogarrio-565,11/11/1960,1825,D
Ogarrio,Ogarrio-566D,CERRADO,Ogarrio-566,Ogarrio 2,18.0405,-93.92908333,Ogarrio-566 ,29/01/1960,2045,V
Ogarrio,Ogarrio-566T,CERRADO,Ogarrio-566,Ogarrio 2,#N/A,#N/A,Ogarrio-566 ,28/02/1960,2145,D
Ogarrio,Ogarrio-575,CERRADO,N.A.,Ogarrio 2,18.03930556,-93.93577778,Ogarrio-575,27/01/1961,2027.7,V
Ogarrio,Ogarrio-576,CERRADO,Ogarrio-576,Ogarrio 2,18.04002778,-93.934,Ogarrio-576,11/11/1958,2165,V
Ogarrio,Ogarrio-577,CERRADO,Ogarrio-577,Ogarrio 2,18.04080556,-93.93233333,Ogarrio-577,07/02/1960,2202,V
Ogarrio,Ogarrio-577D,CERRADO,Ogarrio-577,Ogarrio 2,18.04075,-93.93227778,Ogarrio-577,20/03/1960,1965,V
Ogarrio,Ogarrio-578D,CERRADO,Ogarrio-578,Ogarrio 2,18.04163889,-93.93058333,Ogarrio-578,14/07/1959,2265,V
Ogarrio,Ogarrio-578T,CERRADO,Ogarrio-578,Ogarrio 2,#N/A,#N/A,Ogarrio-578,18/08/1959,1715,D
Ogarrio,Ogarrio-57T,CERRADO,Ogarrio-57,Ogarrio 2,#N/A,#N/A,Ogarrio-57,26/04/1960,1735,D
Ogarrio,Ogarrio-58,CERRADO,Ogarrio-58,Ogarrio 2,18.02983333,-93.92197222,Ogarrio-58,04/06/1960,2200,V
Ogarrio,Ogarrio-589D,CERRADO,Ogarrio-589,Ogarrio 2,18.04252778,-93.93213889,Ogarrio-589,10/04/1960,1675,V
Ogarrio,Ogarrio-58D,CERRADO,Ogarrio-58,Ogarrio 2,18.02983333,-93.922,Ogarrio-58,01/07/1960,1965,V
Ogarrio,Ogarrio-590D,CERRADO,Ogarrio-590,Ogarrio 2,18.04366667,-93.93025,Ogarrio-590,04/03/1961,1950,V
Ogarrio,Ogarrio-66D,CERRADO,Ogarrio-66,Ogarrio 2,18.03794444,-93.93094444,Ogarrio-66,04/05/1959,1925,V
Ogarrio,Ogarrio-69,CERRADO,Ogarrio-69,Ogarrio 2,18.03477778,-93.92636111,Ogarrio-69,04/11/1959,2000,V
Ogarrio,Ogarrio-576D,CERRADO,Ogarrio-576,Ogarrio 2,18.04005556,-93.93405556,Ogarrio-576,14/12/1958,1955,V
Ogarrio,Ogarrio-576T,CERRADO,Ogarrio-576,Ogarrio 2,#N/A,#N/A,Ogarrio-576,16/02/1959,1850,D
Ogarrio,Ogarrio-578,CERRADO,Ogarrio-578,Ogarrio 2,18.04166667,-93.93055556,Ogarrio-578,09/06/1959,2279,V
Ogarrio,Ogarrio-578C,CERRADO,Ogarrio-578,Ogarrio 2,18.04158333,-93.93063889,Ogarrio-578,05/09/1959,1525,V
Ogarrio,Ogarrio-579,CERRADO,Ogarrio-579,Ogarrio 2,18.04225,-93.92891667,Ogarrio-579,16/10/1960,2350,V
Ogarrio,Ogarrio-579D,CERRADO,Ogarrio-579,Ogarrio 2,18.04230556,-93.929,Ogarrio-579,01/11/1960,1830,V
Ogarrio,Ogarrio-588,CERRADO,N.A.,Ogarrio 2,18.04177778,-93.93394444,Ogarrio-588,22/05/1960,2207,V
Ogarrio,Ogarrio-589,CERRADO,Ogarrio-589,Ogarrio 2,18.04255556,-93.93213889,Ogarrio-589,13/03/1960,2300,V
Ogarrio,Ogarrio-58T,CERRADO,Ogarrio-58,Ogarrio 2,#N/A,#N/A,Ogarrio-58,20/07/1960,1840,D
Ogarrio,Ogarrio-59,CERRADO,Ogarrio-59,Ogarrio 2,18.02877778,-93.92030556,Ogarrio-59,18/06/1960,2249.1,V
Ogarrio,Ogarrio-590,CERRADO,Ogarrio-590,Ogarrio 2,18.04341667,-93.93044444,Ogarrio-590,24/01/1961,2355,V
Ogarrio,Ogarrio-600,CERRADO,Ogarrio-600,Ogarrio 2,18.04447222,-93.93197222,Ogarrio-600,14/12/1960,1825,V
Ogarrio,Ogarrio-60T,CERRADO,Ogarrio-60,Ogarrio 2,#N/A,#N/A,Ogarrio-60,16/09/1960,1980,D
Ogarrio,Ogarrio-66,CERRADO,Ogarrio-66,Ogarrio 2,18.038,-93.93105556,Ogarrio-66,03/04/1959,1983,V
Ogarrio,Ogarrio-66T,CERRADO,Ogarrio-66,Ogarrio 2,#N/A,#N/A,Ogarrio-66,01/06/1959,1899,D
Ogarrio,Ogarrio-67D,CERRADO,Ogarrio-67,Ogarrio 2,18.03688889,-93.9295,Ogarrio-67,12/11/1959,1840,V
Ogarrio,Ogarrio-68,CERRADO,N.A.,Ogarrio 2,18.03583333,-93.92794444,Ogarrio-68,08/03/1958,1985,V
Ogarrio,Ogarrio-70,CERRADO,Ogarrio-70,Ogarrio 2,18.03372222,-93.92494444,Ogarrio-70,18/08/1958,2035,V
Ogarrio,Ogarrio-71,CERRADO,Ogarrio-71,Ogarrio 2,18.03255556,-93.92327778,Ogarrio-71,19/11/1959,2175,V
Ogarrio,Ogarrio-71D,CERRADO,Ogarrio-71,Ogarrio 2,18.03261111,-93.92330556,Ogarrio-71,05/01/1960,2050,V
Ogarrio,Ogarrio-74,CERRADO,Ogarrio-74,Ogarrio 2,18.02955556,-93.91872222,Ogarrio-74,06/12/1957,2498.5,V
Ogarrio,Ogarrio-76,CERRADO,Ogarrio-76,Ogarrio 2,18.02741667,-93.91566667,Ogarrio-76,24/05/1958,2721,V
Ogarrio,Ogarrio-81D,CERRADO,Ogarrio-81,Ogarrio 2,18.03772222,-93.92777778,Ogarrio-81,21/11/1959,1906,V
Ogarrio,Ogarrio-84,CERRADO,Ogarrio-84,Ogarrio 2,18.03447222,-93.92311111,Ogarrio-84,14/10/1960,2200,V
Ogarrio,Ogarrio-84D,CERRADO,Ogarrio-84,Ogarrio 2,18.0345,-93.92305556,Ogarrio-84,06/11/1960,1940,V
Ogarrio,Ogarrio-85,CERRADO,Ogarrio-85,Ogarrio 2,18.03347222,-93.92158333,Ogarrio-85,22044,2300,V
Ogarrio,Ogarrio-86,CERRADO,Ogarrio-86,Ogarrio 2,18.03238889,-93.92002778,Ogarrio-86,01/05/1960,2400,V
Ogarrio,Ogarrio-86D,CERRADO,Ogarrio-86,Ogarrio 2,18.03238889,-93.92008333,Ogarrio-86,19/05/1960,2000,V
Ogarrio,Ogarrio-94D,CERRADO,Ogarrio-94,Ogarrio 2,18.03841667,-93.92594444,Ogarrio-94,26/01/1960,1985,V
Ogarrio,Ogarrio-95T,CERRADO,Ogarrio-95,Ogarrio 2,#N/A,#N/A,Ogarrio-95 ,21641,1895,D
Ogarrio,Ogarrio-97D,CERRADO,Ogarrio-97,Ogarrio 2,18.03525,-93.92130556,Ogarrio-97 ,04/12/1958,1950,V
Ogarrio,Ogarrio-1292,PRODUCTOR ,Ogarrio-1273,Ogarrio 2,18.03738889,-93.96180556,Ogarrio-1273,43836,2436,D
Ogarrio,Ogarrio-1294,PRODUCTOR ,Ogarrio-1273,Ogarrio 2,18.03711111,-93.96180556,Ogarrio-1273,24/03/2020,2615,D
Ogarrio,Ogarrio-1296,CERRADO CON PROGRAMA DE REPARACION,Ogarrio-1273,Ogarrio 2,18.06472222,-93.96127778,Ogarrio-1273,14/02/2020,2748,D
Ogarrio,Ogarrio-719,CERRADO CON PROGRAMA DE REPARACION,Ogarrio-706,Ogarrio 5,17.97383333,-93.91305556,Ogarrio-706,21/04/2020,3830,V
Ogarrio,Ogarrio-10D,POZO PROPUESTO A JOA,Ogarrio-10,Ogarrio 2,18.03272222,-93.95833333,#N/A,,,
Ogarrio,Ogarrio-56T,POZO PROPUESTO A JOA,Ogarrio-56,Ogarrio 2,18.00711111,-93.93747222,#N/A,,,
Ogarrio,Ogarrio-95,POZO PROPUESTO A JOA,Ogarrio-95,Ogarrio 2,18.00019444,-93.93075,#N/A,,,
Ogarrio,Ogarrio-101,POZO PROPUESTO A JOA,N.A.,Ogarrio 2,18.01052778,-93.93491667,#N/A,,,
Ogarrio,Ogarrio-488,???POZO PROPUESTO A JOA???,Ogarrio-488,Ogarrio 2,18.00797222,-93.94375,#N/A,,,V
Ogarrio,Ogarrio-658,POZO PROPUESTO A JOA,N.A.,Ogarrio 2,18.05387585,-93.94723501,#N/A,,,V
Ogarrio,Ogarrio-667,POZO PROPUESTO A JOA,N.A.,Ogarrio 2,18.06449324,-93.94943673,#N/A,,,V
Ogarrio,Ogarrio-706,POZO PROPUESTO A JOA,Ogarrio-706,Ogarrio 5,17.9714968,-93.9131622,#N/A,,,V
Ogarrio,Ogarrio-820,POZO PROPUESTO A JOA,N.A.,Ogarrio 5,18.00928391,-93.9369123,#N/A,,,V
Ogarrio,Ogarrio-823,POZO PROPUESTO A JOA,Ogarrio-1305,Ogarrio 5,18.00758397,-93.93381376,#N/A,,,V
Ogarrio,Ogarrio-1001,POZO PROPUESTO A JOA,Ogarrio-1001,Ogarrio 5,17.9663044,-93.92314178,#N/A,,,
